"","Agencia_ID","Town","State"
"1",1110,"2008 AG. LAGO FILT","MÉXICO, D.F."
"2",1111,"2002 AG. AZCAPOTZALCO","MÉXICO, D.F."
"3",1112,"2004 AG. CUAUTITLAN","ESTADO DE MÉXICO"
"4",1113,"2008 AG. LAGO FILT","MÉXICO, D.F."
"5",1114,"2029 AG.IZTAPALAPA 2","MÉXICO, D.F."
"6",1116,"2011 AG. SAN ANTONIO","MÉXICO, D.F."
"7",1117,"2001 AG. ATIZAPAN","ESTADO DE MÉXICO"
"8",1118,"2007 AG. LA VILLA","MÉXICO, D.F."
"9",1119,"2013 AG. MEGA NAUCALPAN","ESTADO DE MÉXICO"
"10",1120,"2018 AG. TEPALCATES 2","MÉXICO, D.F."
"11",1121,"2016 AG. SAN LORENZO","MÉXICO, D.F."
"12",1122,"2019 AG. XALOSTOC","ESTADO DE MÉXICO"
"13",1123,"2094 CHALCO_BM","ESTADO DE MÉXICO"
"14",1124,"2021 AG. XOCHIMILCO 2","MÉXICO, D.F."
"15",1126,"2017 AG. SANTA CLARA","ESTADO DE MÉXICO"
"16",1127,"2003 AG. COACALCO","ESTADO DE MÉXICO"
"17",1129,"2011 AG. SAN ANTONIO","MÉXICO, D.F."
"18",1130,"2010 AG. LOS REYES","ESTADO DE MÉXICO"
"19",1137,"2014 AG. NEZA","ESTADO DE MÉXICO"
"20",1138,"2015 AG. ROJO GOMEZ","MÉXICO, D.F."
"21",1139,"2013 AG. MEGA NAUCALPAN","ESTADO DE MÉXICO"
"22",1140,"2078 AG. TEXCOCO","ESTADO DE MÉXICO"
"23",1142,"2013 AG. MEGA NAUCALPAN","ESTADO DE MÉXICO"
"24",1143,"2088 AG. CEYLAN","MÉXICO, D.F."
"25",1146,"2088 AG. CEYLAN","MÉXICO, D.F."
"26",1147,"2003 AG. COACALCO","ESTADO DE MÉXICO"
"27",1150,"2011 AG. SAN ANTONIO","MÉXICO, D.F."
"28",1152,"2008 AG. LAGO FILT","MÉXICO, D.F."
"29",1153,"2087 AG. TIZAYUCA","HIDALGO"
"30",1155,"2003 AG. COACALCO","ESTADO DE MÉXICO"
"31",1156,"2018 AG. TEPALCATES 2","MÉXICO, D.F."
"32",1159,"2011 AG. SAN ANTONIO","MÉXICO, D.F."
"33",1160,"2089 AG. AZCAPOTZALCO INSTITUCIONALES","MÉXICO, D.F."
"34",1161,"2089 AG. AZCAPOTZALCO INSTITUCIONALES","MÉXICO, D.F."
"35",1164,"2048 AG. IXTAPALUCA 1","ESTADO DE MÉXICO"
"36",1165,"2010 AG. LOS REYES","ESTADO DE MÉXICO"
"37",1167,"2116 Cruce De Anden Región Mexico","ESTADO DE MÉXICO"
"38",1168,"2092 AG. SANTA CLARA AUTOSERVICIOS","ESTADO DE MÉXICO"
"39",1170,"2001 AG. ATIZAPAN","ESTADO DE MÉXICO"
"40",1171,"2001 AG. ATIZAPAN","ESTADO DE MÉXICO"
"41",1172,"2004 AG. CUAUTITLAN","ESTADO DE MÉXICO"
"42",1173,"2004 AG. CUAUTITLAN","ESTADO DE MÉXICO"
"43",1176,"2019 AG. XALOSTOC","ESTADO DE MÉXICO"
"44",1177,"2048 AG. IXTAPALUCA 1","ESTADO DE MÉXICO"
"45",1179,"2002 AG. AZCAPOTZALCO","MÉXICO, D.F."
"46",1210,"2059 Queretaro Balvanera","Queretaro de Arteaga"
"47",1211,"2027 AG. VALLEJO","MÉXICO, D.F."
"48",1212,"2064 AG. TEPALCATES 1","MÉXICO, D.F."
"49",1213,"2041 AG. TULTITLAN","ESTADO DE MÉXICO"
"50",1215,"2049 AG. IZTAPALAPA 1","MÉXICO, D.F."
"51",1216,"2007 AG. LA VILLA","MÉXICO, D.F."
"52",1217,"2050 AG. MIXCOAC","MÉXICO, D.F."
"53",1218,"2040 AG. CENTRO","MÉXICO, D.F."
"54",1219,"2042 AG. TEPOZOTLAN","ESTADO DE MÉXICO"
"55",1220,"2048 AG. IXTAPALUCA 1","ESTADO DE MÉXICO"
"56",1221,"2013 AG. MEGA NAUCALPAN","ESTADO DE MÉXICO"
"57",1222,"2088 AG. CEYLAN","MÉXICO, D.F."
"58",1223,"2070 AG. XOCHIMILCO 1","MÉXICO, D.F."
"59",1224,"2019 AG. XALOSTOC","ESTADO DE MÉXICO"
"60",1227,"2066 TOLUCA PONIENTE","ESTADO DE MÉXICO"
"61",1228,"2013 AG. MEGA NAUCALPAN","ESTADO DE MÉXICO"
"62",1229,"2056 PUEBLA NORTE MARINELA","PUEBLA"
"63",1232,"2059 Queretaro Balvanera","Queretaro de Arteaga"
"64",1235,"2057 PUEBLA SUR MARINELA","PUEBLA"
"65",1236,"2056 PUEBLA NORTE MARINELA","PUEBLA"
"66",1237,"2063 TEHUACAN MARINELA","PUEBLA"
"67",1238,"2053 OAXACA MARINELA","OAXACA"
"68",1239,"2044 CUERNAVACA BUENAVISTA","MORELOS"
"69",1242,"2034 ACAPULCO COSTERA","GUERRERO"
"70",1243,"2065 TOLUCA CENTRO","ESTADO DE MÉXICO"
"71",1245,"2036 APIZACO MARINELA","TLAXCALA"
"72",1250,"2029 AG.IZTAPALAPA 2","MÉXICO, D.F."
"73",1252,"2064 AG. TEPALCATES 1","MÉXICO, D.F."
"74",1253,"2175 TOLUCA AEROPUERTO","ESTADO DE MÉXICO"
"75",1255,"2088 AG. CEYLAN","MÉXICO, D.F."
"76",1259,"2011 AG. SAN ANTONIO","MÉXICO, D.F."
"77",1261,"2031 AG. PANTITLAN","MÉXICO, D.F."
"78",1262,"2048 AG. IXTAPALUCA 1","ESTADO DE MÉXICO"
"79",1273,"2044 CUERNAVACA BUENAVISTA","MORELOS"
"80",1275,"2070 AG. XOCHIMILCO 1","MÉXICO, D.F."
"81",1276,"2041 AG. TULTITLAN","ESTADO DE MÉXICO"
"82",1277,"2089 AG. AZCAPOTZALCO INSTITUCIONALES","MÉXICO, D.F."
"83",1279,"2041 AG. TULTITLAN","ESTADO DE MÉXICO"
"84",1281,"2070 AG. XOCHIMILCO 1","MÉXICO, D.F."
"85",1310,"2260 GONZALEZ GALLO","JALISCO"
"86",1311,"2273 SAN PEDRO","JALISCO"
"87",1312,"2278 ZAPOPAN BIMBO","JALISCO"
"88",1313,"2293 GRANJAS MARINELA","JALISCO"
"89",1314,"2263 LIBERTAD","JALISCO"
"90",1315,"2268 PALOMAR","JALISCO"
"91",1330,"2253 ATOTONILCO","JALISCO"
"92",1331,"2254 AUTLAN_BM","JALISCO"
"93",1332,"2255 CD GUZMAN","JALISCO"
"94",1333,"2258 COLIMA BIMBO","COLIMA"
"95",1334,"2259 FRESNILLO BIMBO","ZACATECAS"
"96",1335,"2264 MANZANILLO BIMBO","COLIMA"
"97",1336,"2269 PUERTO VALLARTA BIMBO","JALISCO"
"98",1337,"2277 ZACATECAS BIMBO","ZACATECAS"
"99",1338,"2274 TEPATITLAN BIMBO","JALISCO"
"100",1339,"2267 OCOTLAN BIMBO","JALISCO"
"101",1340,"2275 TEPIC BIMBO","NAYARIT"
"102",1341,"2262 LA PEÑITA","NAYARIT"
"103",1342,"2265 MATEHUALA BIMBO","SAN LUIS POTOSÍ"
"104",1344,"2315 SAN LUIS POTOSI MARINELA","SAN LUIS POTOSÍ"
"105",1345,"2272 SAN LUIS REY","SAN LUIS POTOSÍ"
"106",1346,"2276 WONDER LA RAZA","SAN LUIS POTOSÍ"
"107",1347,"2251 AGUASCALIENTES NORTE","AGUASCALIENTES"
"108",1348,"2256 CD. MANTE","MICHOACÁN"
"109",1349,"2257 CD. VALLES","SAN LUIS POTOSÍ"
"110",1350,"2271 RIO VERDE BIMBO","MICHOACÁN"
"111",1351,"2252 AGUASCALIENTES SIGLO XXI","AGUASCALIENTES"
"112",1353,"2293 GRANJAS MARINELA","JALISCO"
"113",1354,"2272 SAN LUIS REY","SAN LUIS POTOSÍ"
"114",1355,"2251 AGUASCALIENTES NORTE","AGUASCALIENTES"
"115",1356,"2504 TAMPICO MARINELA","TAMAULIPAS"
"116",1357,"2258 COLIMA BIMBO","COLIMA"
"117",1358,"2264 MANZANILLO BIMBO","COLIMA"
"118",1359,"2275 TEPIC BIMBO","NAYARIT"
"119",1360,"2269 PUERTO VALLARTA BIMBO","JALISCO"
"120",1361,"2304 MARIANO OTERO_MM","JALISCO"
"121",1363,"2321 ZACATECAS MARINELA","ZACATECAS"
"122",1364,"2257 CD. VALLES","SAN LUIS POTOSÍ"
"123",1366,"2325 TECOMAN","COLIMA"
"124",1367,"2293 GRANJAS MARINELA","JALISCO"
"125",1368,"2260 GONZALEZ GALLO","JALISCO"
"126",1371,"2315 SAN LUIS POTOSI MARINELA","SAN LUIS POTOSÍ"
"127",1372,"2255 CD GUZMAN","JALISCO"
"128",1373,"2277 ZACATECAS BIMBO","ZACATECAS"
"129",1374,"2251 AGUASCALIENTES NORTE","AGUASCALIENTES"
"130",1375,"2329 AG.HUEJUTLA","HIDALGO"
"131",1376,"2267 OCOTLAN BIMBO","JALISCO"
"132",1377,"2368 TAMPICO BIMBO","TAMAULIPAS"
"133",1378,"2328 SANTIAGO IXCUINTLA","NAYARIT"
"134",1379,"2330 TLAQUEPARQUE","JALISCO"
"135",1380,"2330 TLAQUEPARQUE","JALISCO"
"136",1381,"2268 PALOMAR","JALISCO"
"137",1382,"2278 ZAPOPAN BIMBO","JALISCO"
"138",1383,"2309 NORTE","JALISCO"
"139",1384,"2321 ZACATECAS MARINELA","ZACATECAS"
"140",1385,"2269 PUERTO VALLARTA BIMBO","JALISCO"
"141",1386,"2273 SAN PEDRO","JALISCO"
"142",1387,"2272 SAN LUIS REY","SAN LUIS POTOSÍ"
"143",1415,"2465 LAREDO","TAMAULIPAS"
"144",1419,"2467 LINCOLN","NUEVO LEÓN"
"145",1420,"2478 SAN NICOLAS","NUEVO LEÓN"
"146",1423,"2468 MATAMOROS BIMBO","TAMAULIPAS"
"147",1427,"2469 MONCLOVA BIMBO","COAHUILA"
"148",1430,"2451 ACUÑA","COAHUILA"
"149",1431,"2474 PIEDRAS NEGRAS","COAHUILA"
"150",1434,"2480 VICTORIA BIMBO","TAMAULIPAS"
"151",1435,"2477 SALTILLO BIMBO","COAHUILA"
"152",1436,"2465 LAREDO","TAMAULIPAS"
"153",1437,"2476 SABINAS","COAHUILA"
"154",1438,"2468 MATAMOROS BIMBO","TAMAULIPAS"
"155",1439,"2461 HIDALGO BIMBO","NUEVO LEÓN"
"156",1441,"2477 SALTILLO BIMBO","COAHUILA"
"157",1442,"2465 LAREDO","TAMAULIPAS"
"158",1443,"2469 MONCLOVA BIMBO","COAHUILA"
"159",1445,"2479 SANTA CATARINA BIMBO","NUEVO LEÓN"
"160",1447,"2469 MONCLOVA BIMBO","COAHUILA"
"161",1448,"2505 TORREON","COAHUILA"
"162",1449,"2474 PIEDRAS NEGRAS","COAHUILA"
"163",1451,"2480 VICTORIA BIMBO","TAMAULIPAS"
"164",1452,"2145 Cruce De Anden Norte","NUEVO LEÓN"
"165",1453,"2481 WONDER GUERRERO","NUEVO LEÓN"
"166",1454,"2455 CHIHUAHUA BIMBO","CHIHUAHUA"
"167",1455,"2472 OJINAGA","CHIHUAHUA"
"168",1456,"2505 TORREON","COAHUILA"
"169",1459,"2473 PARRAL BIMBO","CHIHUAHUA"
"170",1461,"2457 DELICIAS BIMBO","CHIHUAHUA"
"171",1462,"2454 CUAHUTEMOC","CHIHUAHUA"
"172",1463,"2458 GOMEZ PALACIO BIMBO","DURANGO"
"173",1464,"2505 TORREON","COAHUILA"
"174",1465,"2475 REYNOSA BIMBO","TAMAULIPAS"
"175",1469,"2488 JUAREZ","CHIHUAHUA"
"176",1470,"2515 CAVAZOS","NUEVO LEÓN"
"177",1471,"2516 ESCOBEDO","NUEVO LEÓN"
"178",1472,"2499 REYNOSA MARINELA","TAMAULIPAS"
"179",1473,"2467 LINCOLN","NUEVO LEÓN"
"180",1474,"2477 SALTILLO BIMBO","COAHUILA"
"181",1475,"2458 GOMEZ PALACIO BIMBO","DURANGO"
"182",1476,"2516 ESCOBEDO","NUEVO LEÓN"
"183",1477,"2487 AEROPUERTO","NUEVO LEÓN"
"184",1478,"2515 CAVAZOS","NUEVO LEÓN"
"185",1479,"2485 CHIHUAHUA MARINELA","CHIHUAHUA"
"186",1480,"2475 REYNOSA BIMBO","TAMAULIPAS"
"187",1481,"2468 MATAMOROS BIMBO","TAMAULIPAS"
"188",1482,"2480 VICTORIA BIMBO","TAMAULIPAS"
"189",1484,"2496 LA FE","NUEVO LEÓN"
"190",1491,"2462 JUAREZ BIMBO","CHIHUAHUA"
"191",1492,"2468 MATAMOROS BIMBO","TAMAULIPAS"
"192",1493,"2478 SAN NICOLAS","NUEVO LEÓN"
"193",1494,"2451 ACUÑA","COAHUILA"
"194",1495,"2474 PIEDRAS NEGRAS","COAHUILA"
"195",1496,"2476 SABINAS","COAHUILA"
"196",1498,"2457 DELICIAS BIMBO","CHIHUAHUA"
"197",1499,"2454 CUAHUTEMOC","CHIHUAHUA"
"198",1512,"2520 HERMOSILLO SUR","SONORA"
"199",1518,"2563 MEXICALI PONIENTE","BAJA CALIFORNIA NORTE"
"200",1524,"2152 Cruce De Anden Noroeste","BAJA CALIFORNIA NORTE"
"201",1530,"2552 CABORCA","SONORA"
"202",1531,"2566 NOGALES_BW","SONORA"
"203",1532,"2551 AGUA PRIETA","SONORA"
"204",1533,"2558 GUAYMAS","SONORA"
"205",1534,"2554 CD. OBREGON","SONORA"
"206",1535,"2565 NAVOJOA","SONORA"
"207",1536,"2564 MOCTEZUMA","SONORA"
"208",1538,"2553 CANANEA","SONORA"
"209",1539,"2555 ENSENADA II","BAJA CALIFORNIA NORTE"
"210",1541,"2570 SANTA ANA","SONORA"
"211",1542,"2567 PUERTO PEÑASCO","SONORA"
"212",1544,"2561 LOS MOCHIS","SINALOA"
"213",1545,"2557 BW_GUASAVE","SINALOA"
"214",1546,"2556 GUAMUCHIL","SINALOA"
"215",1548,"2555 ENSENADA II","BAJA CALIFORNIA NORTE"
"216",1549,"2555 ENSENADA II","BAJA CALIFORNIA NORTE"
"217",1550,"2572 TIJUANA EL FLORIDO","BAJA CALIFORNIA NORTE"
"218",1551,"2573 TIJUANA GATO BRONCO","BAJA CALIFORNIA NORTE"
"219",1552,"2574 TIJUANA PACIFICO","BAJA CALIFORNIA NORTE"
"220",1554,"2571 TECATE","BAJA CALIFORNIA NORTE"
"221",1555,"2562 MEXICALI PLAZA","BAJA CALIFORNIA NORTE"
"222",1556,"2563 MEXICALI PONIENTE","BAJA CALIFORNIA NORTE"
"223",1557,"2568 SAN LUIS R.C.","SONORA"
"224",1558,"2563 MEXICALI PONIENTE","BAJA CALIFORNIA NORTE"
"225",1560,"2574 TIJUANA PACIFICO","BAJA CALIFORNIA NORTE"
"226",1562,"2555 ENSENADA II","BAJA CALIFORNIA NORTE"
"227",1563,"2566 NOGALES_BW","SONORA"
"228",1564,"2561 LOS MOCHIS","SINALOA"
"229",1571,"2554 CD. OBREGON","SONORA"
"230",1573,"2520 HERMOSILLO SUR","SONORA"
"231",1576,"2571 TECATE","BAJA CALIFORNIA NORTE"
"232",1578,"2520 HERMOSILLO SUR","SONORA"
"233",1579,"2562 MEXICALI PLAZA","BAJA CALIFORNIA NORTE"
"234",1580,"2305 MAZATLAN BIMBO","SINALOA"
"235",1581,"2290 DURANGO BIMBO","DURANGO"
"236",1583,"2573 TIJUANA GATO BRONCO","BAJA CALIFORNIA NORTE"
"237",1585,"2563 MEXICALI PONIENTE","BAJA CALIFORNIA NORTE"
"238",1586,"2289 CULIACAN MARINELA","SINALOA"
"239",1587,"2289 CULIACAN MARINELA","SINALOA"
"240",1588,"2573 TIJUANA GATO BRONCO","BAJA CALIFORNIA NORTE"
"241",1589,"2555 ENSENADA II","BAJA CALIFORNIA NORTE"
"242",1591,"2520 HERMOSILLO SUR","SONORA"
"243",1592,"2297 LA PAZ","BAJA CALIFORNIA SUR"
"244",1593,"2290 DURANGO BIMBO","DURANGO"
"245",1594,"2566 NOGALES_BW","SONORA"
"246",1595,"2558 GUAYMAS","SONORA"
"247",1596,"2565 NAVOJOA","SONORA"
"248",1597,"2554 CD. OBREGON","SONORA"
"249",1598,"2561 LOS MOCHIS","SINALOA"
"250",1599,"2314 SAN LUCAS","BAJA CALIFORNIA SUR"
"251",1602,"2417 ZACATLAN","PUEBLA"
"252",1611,"2376 CONVENIENCIA VERACRUZ SUR","VERACRUZ"
"253",1612,"2352 CORDOBA","VERACRUZ"
"254",1613,"2361 ORIZABA","VERACRUZ"
"255",1614,"2355 JALAPA I","VERACRUZ"
"256",1615,"2358 MARTINEZ DE LA TORRE","VERACRUZ"
"257",1616,"2363 POZA RICA","VERACRUZ"
"258",1617,"2370 TEZIUTLAN","PUEBLA"
"259",1618,"2373 TUXPAM","VERACRUZ"
"260",1620,"2374 TUXTEPEC","OAXACA"
"261",1622,"2375 VERACRUZ NORTE","VERACRUZ"
"262",1623,"2354 ISLA","VERACRUZ"
"263",1625,"2504 TAMPICO MARINELA","TAMAULIPAS"
"264",1626,"2377 VERACRUZ SUR MLA","VERACRUZ"
"265",1628,"2364 PUEBLA NORTE BIMBO","PUEBLA"
"266",1629,"2365 PUEBLA SUR BIMBO","PUEBLA"
"267",1631,"2372 AG.TULANCINGO","HIDALGO"
"268",1632,"2353 HUAJUAPAN","OAXACA"
"269",1633,"2360 OAXACA BIMBO","OAXACA"
"270",1634,"2415 JUXTLAHUACA","OAXACA"
"271",1635,"2416 PACHUCA II","HIDALGO"
"272",1636,"2359 AG.MIXQUIAHUALA","HIDALGO"
"273",1637,"2367 SAN MARTIN T.","PUEBLA"
"274",1640,"2359 AG.MIXQUIAHUALA","HIDALGO"
"275",1650,"2377 VERACRUZ SUR MLA","VERACRUZ"
"276",1653,"2416 PACHUCA II","HIDALGO"
"277",1654,"2053 OAXACA MARINELA","OAXACA"
"278",1655,"2363 POZA RICA","VERACRUZ"
"279",1656,"2407 TEPEACA","PUEBLA"
"280",1657,"2365 PUEBLA SUR BIMBO","PUEBLA"
"281",1658,"2364 PUEBLA NORTE BIMBO","PUEBLA"
"282",1659,"2364 PUEBLA NORTE BIMBO","PUEBLA"
"283",1660,"2416 PACHUCA II","HIDALGO"
"284",1661,"2036 APIZACO MARINELA","TLAXCALA"
"285",1663,"2372 AG.TULANCINGO","HIDALGO"
"286",1664,"2360 OAXACA BIMBO","OAXACA"
"287",1667,"2352 CORDOBA","VERACRUZ"
"288",1668,"2376 CONVENIENCIA VERACRUZ SUR","VERACRUZ"
"289",1669,"2355 JALAPA I","VERACRUZ"
"290",1670,"2363 POZA RICA","VERACRUZ"
"291",1671,"2063 TEHUACAN MARINELA","PUEBLA"
"292",1672,"2376 CONVENIENCIA VERACRUZ SUR","VERACRUZ"
"293",1673,"2036 APIZACO MARINELA","TLAXCALA"
"294",1674,"2355 JALAPA I","VERACRUZ"
"295",1675,"2036 APIZACO MARINELA","TLAXCALA"
"296",1677,"2360 OAXACA BIMBO","OAXACA"
"297",1678,"2355 JALAPA I","VERACRUZ"
"298",1679,"2056 PUEBLA NORTE MARINELA","PUEBLA"
"299",1680,"2063 TEHUACAN MARINELA","PUEBLA"
"300",1681,"2053 OAXACA MARINELA","OAXACA"
"301",1682,"2036 APIZACO MARINELA","TLAXCALA"
"302",1683,"2365 PUEBLA SUR BIMBO","PUEBLA"
"303",1684,"2416 PACHUCA II","HIDALGO"
"304",1685,"2372 AG.TULANCINGO","HIDALGO"
"305",1686,"2359 AG.MIXQUIAHUALA","HIDALGO"
"306",1687,"2367 SAN MARTIN T.","PUEBLA"
"307",1689,"2352 CORDOBA","VERACRUZ"
"308",1690,"2355 JALAPA I","VERACRUZ"
"309",1691,"2363 POZA RICA","VERACRUZ"
"310",1692,"2373 TUXPAM","VERACRUZ"
"311",1693,"2377 VERACRUZ SUR MLA","VERACRUZ"
"312",1694,"2169 Cruce De Andén Sureste","PUEBLA"
"313",1695,"2370 TEZIUTLAN","PUEBLA"
"314",1697,"2412 APAN","HIDALGO"
"315",1698,"2413 CIUDAD SERDÁN","PUEBLA"
"316",1910,"2304 MARIANO OTERO_MM","JALISCO"
"317",1911,"2309 NORTE","JALISCO"
"318",1912,"2294 GUADALAJARA","JALISCO"
"319",1914,"2293 GRANJAS MARINELA","JALISCO"
"320",1915,"2260 GONZALEZ GALLO","JALISCO"
"321",1934,"2161 IRAPUATO GUADALUPE","GUANAJUATO"
"322",1936,"2300 LEON MILENIUM","GUANAJUATO"
"323",1939,"2269 PUERTO VALLARTA BIMBO","JALISCO"
"324",1942,"2300 LEON MILENIUM","GUANAJUATO"
"325",1944,"2277 ZACATECAS BIMBO","ZACATECAS"
"326",1945,"2322 ZAMORA MADERO","MICHOACÁN"
"327",1952,"2305 MAZATLAN BIMBO","SINALOA"
"328",1954,"2288 CULIACAN BIMBO","SINALOA"
"329",1955,"2290 DURANGO BIMBO","DURANGO"
"330",1956,"2279 ACAPONETA","NAYARIT"
"331",1958,"2288 CULIACAN BIMBO","SINALOA"
"332",1960,"2290 DURANGO BIMBO","DURANGO"
"333",1961,"2297 LA PAZ","BAJA CALIFORNIA SUR"
"334",1963,"2306 MAZATLAN MARINELA","SINALOA"
"335",1964,"2310 NUEVO IDEAL","DURANGO"
"336",1967,"2313 SAN JOSE DEL CABO","BAJA CALIFORNIA SUR"
"337",1968,"2314 SAN LUCAS","BAJA CALIFORNIA SUR"
"338",1970,"2297 LA PAZ","BAJA CALIFORNIA SUR"
"339",1971,"2285 CD. CONSTITUCION","BAJA CALIFORNIA SUR"
"340",1972,"2316 SANTA ROSALIA","BAJA CALIFORNIA SUR"
"341",1973,"2576 GUERRERO NEGRO","BAJA CALIFORNIA SUR"
"342",1974,"2252 AGUASCALIENTES SIGLO XXI","AGUASCALIENTES"
"343",1975,"2161 IRAPUATO GUADALUPE","GUANAJUATO"
"344",1976,"2300 LEON MILENIUM","GUANAJUATO"
"345",1977,"2269 PUERTO VALLARTA BIMBO","JALISCO"
"346",1978,"2272 SAN LUIS REY","SAN LUIS POTOSÍ"
"347",1980,"2168 MORELIA ABASTOS","MICHOACÁN"
"348",1981,"2288 CULIACAN BIMBO","SINALOA"
"349",1983,"2306 MAZATLAN MARINELA","SINALOA"
"350",1985,"2290 DURANGO BIMBO","DURANGO"
"351",1987,"2277 ZACATECAS BIMBO","ZACATECAS"
"352",1988,"2258 COLIMA BIMBO","COLIMA"
"353",1989,"2264 MANZANILLO BIMBO","COLIMA"
"354",1990,"2275 TEPIC BIMBO","NAYARIT"
"355",1991,"2297 LA PAZ","BAJA CALIFORNIA SUR"
"356",1992,"2314 SAN LUCAS","BAJA CALIFORNIA SUR"
"357",1993,"2557 BW_GUASAVE","SINALOA"
"358",1995,"2574 TIJUANA PACIFICO","BAJA CALIFORNIA NORTE"
"359",1997,"2573 TIJUANA GATO BRONCO","BAJA CALIFORNIA NORTE"
"360",1998,"2573 TIJUANA GATO BRONCO","BAJA CALIFORNIA NORTE"
"361",2011,"2175 TOLUCA AEROPUERTO","ESTADO DE MÉXICO"
"362",2012,"2176 TOLUCA SAN ANTONIO","ESTADO DE MÉXICO"
"363",2013,"2177 AGENCIA SUANDY","ESTADO DE MÉXICO"
"364",2014,"2151 ACAPULCO ESCENICA","GUERRERO"
"365",2015,"2154 ATLACOMULCO","ESTADO DE MÉXICO"
"366",2016,"2157 CUAUTLA","MORELOS"
"367",2017,"2158 CUERNAVACA CIVAC","MORELOS"
"368",2018,"2159 CHILPANCINGO","GUERRERO"
"369",2019,"2160 IGUALA","GUERRERO"
"370",2020,"2182 ZITACUARO","MICHOACÁN"
"371",2021,"2162 JOJUTLA_BM","MORELOS"
"372",2022,"2152 ALTAMIRANO_BM","GUERRERO"
"373",2023,"2169 PINOTEPA","OAXACA"
"374",2024,"2170 PUERTO ESCONDIDO","OAXACA"
"375",2029,"2161 IRAPUATO GUADALUPE","GUANAJUATO"
"376",2030,"2165 LEON SAN JUAN BOSCO","GUANAJUATO"
"377",2031,"2178 URIANGATO","GUANAJUATO"
"378",2032,"2155 CELAYA NORPONIENTE","GUANAJUATO"
"379",2034,"2167 MORELIA LA HUERTA","MICHOACÁN"
"380",2036,"2179 URUAPAN","MICHOACÁN"
"381",2037,"2153 APATZINGAN","MICHOACÁN"
"382",2038,"2164 LAZARO CARDENAS","MICHOACÁN"
"383",2040,"2181 ZIHUATANEJO","GUERRERO"
"384",2043,"2156 CELAYA INDUSTRIAL WONDER","GUANAJUATO"
"385",2044,"2168 MORELIA ABASTOS","MICHOACÁN"
"386",2045,"2163 LA PIEDAD","MICHOACÁN"
"387",2054,"2174 SAN MIGUEL DE ALLENDE","GUANAJUATO"
"388",2055,"2055 Pinotepa","PUEBLA"
"389",2057,"2057 PUEBLA SUR MARINELA","PUEBLA"
"390",2058,"2151 ACAPULCO ESCENICA","GUERRERO"
"391",2059,"2059 QUERETARO BALVANERA","QUERETARO"
"392",2060,"2301 CUBILETE","GUANAJUATO"
"393",2061,"2175 TOLUCA AEROPUERTO","ESTADO DE MÉXICO"
"394",2062,"2186 LAGOS DE MORENO","JALISCO"
"395",2063,"2034 ACAPULCO COSTERA","GUERRERO"
"396",2064,"2158 CUERNAVACA CIVAC","MORELOS"
"397",2065,"2155 CELAYA NORPONIENTE","GUANAJUATO"
"398",2066,"2168 MORELIA ABASTOS","MICHOACÁN"
"399",2068,"2322 ZAMORA MADERO","MICHOACÁN"
"400",2071,"2296 IRAPUATO SAN MIGUELITO","GUANAJUATO"
"401",2072,"2186 LAGOS DE MORENO","JALISCO"
"402",2073,"2034 ACAPULCO COSTERA","GUERRERO"
"403",2074,"2044 CUERNAVACA BUENAVISTA","MORELOS"
"404",2075,"2167 MORELIA LA HUERTA","MICHOACÁN"
"405",2076,"2161 IRAPUATO GUADALUPE","GUANAJUATO"
"406",2077,"2300 LEON MILENIUM","GUANAJUATO"
"407",2078,"2165 LEON SAN JUAN BOSCO","GUANAJUATO"
"408",2080,"2080 TEXCOCO WONDER","ESTADO DE MÉXICO"
"409",2081,"2081 NAUCALPAN II","ESTADO DE MÉXICO"
"410",2082,"2155 CELAYA NORPONIENTE","GUANAJUATO"
"411",2083,"2083 AZCAPOTZALCO II MARINELA","MÉXICO, D.F."
"412",2084,"2034 ACAPULCO COSTERA","GUERRERO"
"413",2085,"2044 CUERNAVACA BUENAVISTA","MORELOS"
"414",2086,"2165 LEON SAN JUAN BOSCO","GUANAJUATO"
"415",2087,"2087 AG. TIZAYUCA","ESTADO DE MÉXICO"
"416",2088,"2161 IRAPUATO GUADALUPE","GUANAJUATO"
"417",2089,"2156 CELAYA INDUSTRIAL WONDER","GUANAJUATO"
"418",2090,"2090 AG. TEPEJI DEL RIO","QUERETARO"
"419",2092,"2186 LAGOS DE MORENO","JALISCO"
"420",2094,"2094 CHALCO_BM","ESTADO DE MÉXICO"
"421",2095,"2175 TOLUCA AEROPUERTO","ESTADO DE MÉXICO"
"422",2096,"2301 CUBILETE","GUANAJUATO"
"423",2097,"2159 CHILPANCINGO","GUERRERO"
"424",2098,"2179 URUAPAN","MICHOACÁN"
"425",2099,"2322 ZAMORA MADERO","MICHOACÁN"
"426",2211,"2390 INDUSTRIAL","TABASCO"
"427",2212,"2396 RUIZ CORTINEZ","TABASCO"
"428",2213,"2396 RUIZ CORTINEZ","TABASCO"
"429",2214,"2393 MERIDA SUR","YUCATÁN"
"430",2215,"2392 MERIDA NORTE","YUCATÁN"
"431",2216,"2380 CAMPECHE","CAMPECHE"
"432",2217,"2388 CHETUMAL","QUINTANA ROO"
"433",2218,"2381 CANCUN_BM","QUINTANA ROO"
"434",2220,"2395 PLAYA DEL CARMEN","QUINTANA ROO"
"435",2222,"2401 TEKAX","YUCATÁN"
"436",2229,"2386 COATZACOALCOS MLA.","VERACRUZ"
"437",2230,"2382 CARDENAS","TABASCO"
"438",2231,"2392 MERIDA NORTE","YUCATÁN"
"439",2233,"2394 MINATITLAN","VERACRUZ"
"440",2234,"2378 ACAYUCAN","VERACRUZ"
"441",2235,"2384 CIUDAD DEL CARMEN","CAMPECHE"
"442",2237,"2402 TUXTLA","CHIAPAS"
"443",2238,"2398 SAN CRISTOBAL","CHIAPAS"
"444",2239,"2399 TAPACHULA","CHIAPAS"
"445",2240,"2379 ARRIAGA_BM","CHIAPAS"
"446",2241,"2391 IXTEPEC","OAXACA"
"447",2242,"2397 SALINA CRUZ","OAXACA"
"448",2243,"2381 CANCUN_BM","QUINTANA ROO"
"449",2244,"2396 RUIZ CORTINEZ","TABASCO"
"450",2245,"2382 CARDENAS","TABASCO"
"451",2246,"2402 TUXTLA","CHIAPAS"
"452",2247,"2386 COATZACOALCOS MLA.","VERACRUZ"
"453",2248,"2399 TAPACHULA","CHIAPAS"
"454",2249,"2393 MERIDA SUR","YUCATÁN"
"455",2250,"2410 CANCUN II","QUINTANA ROO"
"456",2251,"2395 PLAYA DEL CARMEN","QUINTANA ROO"
"457",2252,"2380 CAMPECHE","CAMPECHE"
"458",2253,"2384 CIUDAD DEL CARMEN","CAMPECHE"
"459",2254,"2384 CIUDAD DEL CARMEN","CAMPECHE"
"460",2255,"2380 CAMPECHE","CAMPECHE"
"461",2256,"2381 CANCUN_BM","QUINTANA ROO"
"462",2261,"2396 RUIZ CORTINEZ","TABASCO"
"463",2262,"2402 TUXTLA","CHIAPAS"
"464",2263,"2263 LIBERTAD","JALISCO"
"465",2264,"2411 COMITAN","CHIAPAS"
"466",2265,"2396 RUIZ CORTINEZ","TABASCO"
"467",2266,"2386 COATZACOALCOS MLA.","VERACRUZ"
"468",2267,"2382 CARDENAS","TABASCO"
"469",2269,"2384 CIUDAD DEL CARMEN","CAMPECHE"
"470",2270,"2402 TUXTLA","CHIAPAS"
"471",2271,"2399 TAPACHULA","CHIAPAS"
"472",2273,"2386 COATZACOALCOS MLA.","VERACRUZ"
"473",2274,"2402 TUXTLA","CHIAPAS"
"474",2275,"2392 MERIDA NORTE","YUCATÁN"
"475",2276,"2408 ESCARCEGA","CAMPECHE"
"476",2278,"2392 MERIDA NORTE","YUCATÁN"
"477",2279,"2380 CAMPECHE","CAMPECHE"
"478",2280,"2388 CHETUMAL","QUINTANA ROO"
"479",2281,"2381 CANCUN_BM","QUINTANA ROO"
"480",2282,"2395 PLAYA DEL CARMEN","QUINTANA ROO"
"481",2614,"2168 MORELIA ABASTOS","MICHOACÁN"
"482",2618,"2159 CHILPANCINGO","GUERRERO"
"483",2619,"2181 ZIHUATANEJO","GUERRERO"
"484",2621,"2179 URUAPAN","MICHOACÁN"
"485",2627,"2322 ZAMORA MADERO","MICHOACÁN"
"486",2628,"2301 CUBILETE","GUANAJUATO"
"487",2629,"2188 MARAVATIO","MICHOACÁN"
"488",2642,"2157 CUAUTLA","MORELOS"
"489",2643,"2157 CUAUTLA","MORELOS"
"490",2644,"2189 ACAPULCO SAN ISIDRO","GUERRERO"
"491",2645,"2174 SAN MIGUEL DE ALLENDE","GUANAJUATO"
"492",2646,"2163 LA PIEDAD","MICHOACÁN"
"493",2647,"2647 BLM_AG. CAMPESINOS AUTOSERVICI","MÉXICO, D.F."
"494",2648,"2174 SAN MIGUEL DE ALLENDE","GUANAJUATO"
"495",2649,"2322 ZAMORA MADERO","MICHOACÁN"
"496",2650,"2186 LAGOS DE MORENO","JALISCO"
"497",2651,"2174 SAN MIGUEL DE ALLENDE","GUANAJUATO"
"498",2653,"2190 BI_SAN FRANCISCO DEL RINCON","GUANAJUATO"
"499",2655,"2655 LOS MOCHIS","SINALOA"
"500",2657,"2155 CELAYA NORPONIENTE","GUANAJUATO"
"501",3211,"2029 AG.IZTAPALAPA 2","MÉXICO, D.F."
"502",3212,"2031 AG. PANTITLAN","MÉXICO, D.F."
"503",3213,"2027 AG. VALLEJO","MÉXICO, D.F."
"504",3214,"2017 AG. SANTA CLARA","ESTADO DE MÉXICO"
"505",3215,"2001 AG. ATIZAPAN","ESTADO DE MÉXICO"
"506",3216,"3216 NUEVO LAREDO","TAMAULIPAS"
"507",3217,"2032 AG. SANTA LUCIA","MÉXICO, D.F."
"508",3219,"2003 AG. COACALCO","ESTADO DE MÉXICO"
"509",3221,"2013 AG. MEGA NAUCALPAN","ESTADO DE MÉXICO"
"510",3223,"2029 AG.IZTAPALAPA 2","MÉXICO, D.F."
"511",3225,"2002 AG. AZCAPOTZALCO","MÉXICO, D.F."
"512",3226,"2018 AG. TEPALCATES 2","MÉXICO, D.F."
"513",3229,"2087 AG. TIZAYUCA","HIDALGO"
"514",4010,"2487 AEROPUERTO","NUEVO LEÓN"
"515",4011,"2493 MITRAS","NUEVO LEÓN"
"516",4013,"2479 SANTA CATARINA BIMBO","NUEVO LEÓN"
"517",4016,"2496 LA FE","NUEVO LEÓN"
"518",4017,"2481 WONDER GUERRERO","NUEVO LEÓN"
"519",4030,"2465 LAREDO","TAMAULIPAS"
"520",4035,"2469 MONCLOVA BIMBO","COAHUILA"
"521",4037,"2499 REYNOSA MARINELA","TAMAULIPAS"
"522",4040,"2502 SALTILLO MARINELA","COAHUILA"
"523",4041,"2368 TAMPICO BIMBO","TAMAULIPAS"
"524",4046,"2485 CHIHUAHUA MARINELA","CHIHUAHUA"
"525",4049,"2505 TORREON","COAHUILA"
"526",4051,"2488 JUAREZ","CHIHUAHUA"
"527",4061,"2517 SENDERO AUTOSERVICIO","NUEVO LEÓN"
"528",4062,"2496 LA FE","NUEVO LEÓN"
"529",4063,"2455 CHIHUAHUA BIMBO","CHIHUAHUA"
"530",4064,"2462 JUAREZ BIMBO","CHIHUAHUA"
"531",4066,"2477 SALTILLO BIMBO","COAHUILA"
"532",4078,"2485 CHIHUAHUA MARINELA","CHIHUAHUA"
"533",4079,"2488 JUAREZ","CHIHUAHUA"
"534",4081,"2502 SALTILLO MARINELA","COAHUILA"
"535",4082,"2493 MITRAS","NUEVO LEÓN"
"536",4084,"2480 VICTORIA BIMBO","TAMAULIPAS"
"537",4085,"2468 MATAMOROS BIMBO","TAMAULIPAS"
"538",4086,"2499 REYNOSA MARINELA","TAMAULIPAS"
"539",4087,"2505 TORREON","COAHUILA"
"540",4089,"2465 LAREDO","TAMAULIPAS"
"541",4091,"2368 TAMPICO BIMBO","TAMAULIPAS"
"542",20039,"2003 AG. COACALCO","ESTADO DE MÉXICO"
"543",20049,"2004 AG. CUAUTITLAN","ESTADO DE MÉXICO"
"544",20079,"2007 AG. LA VILLA","MÉXICO, D.F."
"545",20089,"2008 AG. LAGO FILT","MÉXICO, D.F."
"546",20109,"2010 AG. LOS REYES","ESTADO DE MÉXICO"
"547",20119,"2011 AG. SAN ANTONIO","MÉXICO, D.F."
"548",20139,"2013 AG. MEGA NAUCALPAN","ESTADO DE MÉXICO"
"549",20149,"2014 AG. NEZA","ESTADO DE MÉXICO"
"550",20159,"2015 AG. ROJO GOMEZ","MÉXICO, D.F."
"551",20169,"2016 AG. SAN LORENZO","MÉXICO, D.F."
"552",20179,"2017 AG. SANTA CLARA","ESTADO DE MÉXICO"
"553",20189,"2018 AG. TEPALCATES 2","MÉXICO, D.F."
"554",20199,"2019 AG. XALOSTOC","ESTADO DE MÉXICO"
"555",20219,"2021 AG. XOCHIMILCO 2","MÉXICO, D.F."
"556",20279,"2027 AG. VALLEJO","MÉXICO, D.F."
"557",20299,"2029 AG.IZTAPALAPA 2","MÉXICO, D.F."
"558",20319,"2031 AG. PANTITLAN","MÉXICO, D.F."
"559",20329,"2032 AG. SANTA LUCIA","MÉXICO, D.F."
"560",20349,"2034 ACAPULCO COSTERA","GUERRERO"
"561",20369,"2036 APIZACO MARINELA","TLAXCALA"
"562",20409,"2040 AG. CENTRO","MÉXICO, D.F."
"563",20419,"2041 AG. TULTITLAN","ESTADO DE MÉXICO"
"564",20429,"2042 AG. TEPOZOTLAN","ESTADO DE MÉXICO"
"565",20449,"2044 CUERNAVACA BUENAVISTA","MORELOS"
"566",20489,"2048 AG. IXTAPALUCA 1","ESTADO DE MÉXICO"
"567",20499,"2049 AG. IZTAPALAPA 1","MÉXICO, D.F."
"568",20509,"2050 AG. MIXCOAC","MÉXICO, D.F."
"569",20539,"2053 OAXACA MARINELA","OAXACA"
"570",20569,"2056 PUEBLA NORTE MARINELA","PUEBLA"
"571",20579,"2057 PUEBLA SUR MARINELA","PUEBLA"
"572",20599,"2059 QUERETARO BALVANERA","QUERETARO"
"573",20639,"2063 TEHUACAN MARINELA","PUEBLA"
"574",20649,"2064 AG. TEPALCATES 1","MÉXICO, D.F."
"575",20659,"2065 TOLUCA CENTRO","ESTADO DE MÉXICO"
"576",20669,"2066 TOLUCA PONIENTE","ESTADO DE MÉXICO"
"577",20709,"2070 AG. XOCHIMILCO 1","MÉXICO, D.F."
"578",20789,"2078 AG. TEXCOCO","ESTADO DE MÉXICO"
"579",20879,"2087 AG. TIZAYUCA","HIDALGO"
"580",20889,"2088 AG. CEYLAN","MÉXICO, D.F."
"581",20929,"2092 AG. SANTA CLARA AUTOSERVICIOS","ESTADO DE MÉXICO"
"582",20949,"2094 CHALCO_BM","ESTADO DE MÉXICO"
"583",21519,"2151 ACAPULCO ESCENICA","GUERRERO"
"584",21529,"2152 ALTAMIRANO_BM","GUERRERO"
"585",21539,"2153 APATZINGAN","MICHOACÁN"
"586",21549,"2154 ATLACOMULCO","ESTADO DE MÉXICO"
"587",21559,"2155 CELAYA NORPONIENTE","GUANAJUATO"
"588",21569,"2156 CELAYA INDUSTRIAL WONDER","GUANAJUATO"
"589",21579,"2157 CUAUTLA","MORELOS"
"590",21589,"2158 CUERNAVACA CIVAC","MORELOS"
"591",21599,"2159 CHILPANCINGO","GUERRERO"
"592",21609,"2160 IGUALA","GUERRERO"
"593",21619,"2161 IRAPUATO GUADALUPE","GUANAJUATO"
"594",21629,"2162 JOJUTLA_BM","MORELOS"
"595",21639,"2163 LA PIEDAD","MICHOACÁN"
"596",21649,"2164 LAZARO CARDENAS","MICHOACÁN"
"597",21659,"2165 LEON SAN JUAN BOSCO","GUANAJUATO"
"598",21679,"2167 MORELIA LA HUERTA","MICHOACÁN"
"599",21689,"2168 MORELIA ABASTOS","MICHOACÁN"
"600",21699,"2169 PINOTEPA","OAXACA"
"601",21709,"2170 PUERTO ESCONDIDO","OAXACA"
"602",21719,"2171 QUERETARO SAN PABLO","QUERETARO"
"603",21739,"2173 SAN JUAN DEL RIO","QUERETARO"
"604",21749,"2174 SAN MIGUEL DE ALLENDE","GUANAJUATO"
"605",21759,"2175 TOLUCA AEROPUERTO","ESTADO DE MÉXICO"
"606",21769,"2176 TOLUCA SAN ANTONIO","ESTADO DE MÉXICO"
"607",21779,"2177 AGENCIA SUANDY","ESTADO DE MÉXICO"
"608",21789,"2178 URIANGATO","GUANAJUATO"
"609",21799,"2179 URUAPAN","MICHOACÁN"
"610",21819,"2181 ZIHUATANEJO","GUERRERO"
"611",21829,"2182 ZITACUARO","MICHOACÁN"
"612",21869,"2186 LAGOS DE MORENO","JALISCO"
"613",21889,"2188 MARAVATIO","MICHOACÁN"
"614",21899,"2189 ACAPULCO SAN ISIDRO","GUERRERO"
"615",21909,"2190 BI_SAN FRANCISCO DEL RINCON","GUANAJUATO"
"616",22001,"2001 AG. ATIZAPAN","ESTADO DE MÉXICO"
"617",22002,"2002 AG. AZCAPOTZALCO","MÉXICO, D.F."
"618",22011,"2011 AG. SAN ANTONIO","MÉXICO, D.F."
"619",22013,"2013 AG. MEGA NAUCALPAN","ESTADO DE MÉXICO"
"620",22029,"2029 AG.IZTAPALAPA 2","MÉXICO, D.F."
"621",22090,"2090 AG. TEPEJI DEL RIO","QUERETARO"
"622",22187,"2187 SALAMANCA","GUANAJUATO"
"623",22362,"2362 AG.PACHUCA","HIDALGO"
"624",22414,"2414 IZUCAR DE MATAMOROS","PUEBLA"
"625",22519,"2251 AGUASCALIENTES NORTE","AGUASCALIENTES"
"626",22529,"2252 AGUASCALIENTES SIGLO XXI","AGUASCALIENTES"
"627",22539,"2253 ATOTONILCO","JALISCO"
"628",22549,"2254 AUTLAN_BM","JALISCO"
"629",22559,"2255 CD GUZMAN","JALISCO"
"630",22560,"2560 LAS TORRES","SONORA"
"631",22569,"2256 CD. MANTE","MICHOACÁN"
"632",22579,"2257 CD. VALLES","SAN LUIS POTOSÍ"
"633",22589,"2258 COLIMA BIMBO","COLIMA"
"634",22599,"2259 FRESNILLO BIMBO","ZACATECAS"
"635",22609,"2260 GONZALEZ GALLO","JALISCO"
"636",22629,"2262 LA PEÑITA","NAYARIT"
"637",22639,"2263 LIBERTAD","JALISCO"
"638",22649,"2264 MANZANILLO BIMBO","COLIMA"
"639",22659,"2265 MATEHUALA BIMBO","SAN LUIS POTOSÍ"
"640",22679,"2267 OCOTLAN BIMBO","JALISCO"
"641",22689,"2268 PALOMAR","JALISCO"
"642",22699,"2269 PUERTO VALLARTA BIMBO","JALISCO"
"643",22719,"2271 RIO VERDE BIMBO","MICHOACÁN"
"644",22729,"2272 SAN LUIS REY","SAN LUIS POTOSÍ"
"645",22739,"2273 SAN PEDRO","JALISCO"
"646",22749,"2274 TEPATITLAN BIMBO","JALISCO"
"647",22759,"2275 TEPIC BIMBO","NAYARIT"
"648",22769,"2276 WONDER LA RAZA","SAN LUIS POTOSÍ"
"649",22779,"2277 ZACATECAS BIMBO","ZACATECAS"
"650",22789,"2278 ZAPOPAN BIMBO","JALISCO"
"651",22799,"2279 ACAPONETA","NAYARIT"
"652",22859,"2285 CD. CONSTITUCION","BAJA CALIFORNIA SUR"
"653",22889,"2288 CULIACAN BIMBO","SINALOA"
"654",22899,"2289 CULIACAN MARINELA","SINALOA"
"655",22909,"2290 DURANGO BIMBO","DURANGO"
"656",22939,"2293 GRANJAS MARINELA","JALISCO"
"657",22949,"2294 GUADALAJARA","JALISCO"
"658",22969,"2296 IRAPUATO SAN MIGUELITO","GUANAJUATO"
"659",22979,"2297 LA PAZ","BAJA CALIFORNIA SUR"
"660",23009,"2300 LEON MILENIUM","GUANAJUATO"
"661",23019,"2301 CUBILETE","GUANAJUATO"
"662",23049,"2304 MARIANO OTERO_MM","JALISCO"
"663",23059,"2305 MAZATLAN BIMBO","SINALOA"
"664",23069,"2306 MAZATLAN MARINELA","SINALOA"
"665",23099,"2309 NORTE","JALISCO"
"666",23109,"2310 NUEVO IDEAL","DURANGO"
"667",23139,"2313 SAN JOSE DEL CABO","BAJA CALIFORNIA SUR"
"668",23149,"2314 SAN LUCAS","BAJA CALIFORNIA SUR"
"669",23159,"2315 SAN LUIS POTOSI MARINELA","SAN LUIS POTOSÍ"
"670",23169,"2316 SANTA ROSALIA","BAJA CALIFORNIA SUR"
"671",23219,"2321 ZACATECAS MARINELA","ZACATECAS"
"672",23229,"2322 ZAMORA MADERO","MICHOACÁN"
"673",23259,"2325 TECOMAN","COLIMA"
"674",23289,"2328 SANTIAGO IXCUINTLA","NAYARIT"
"675",23299,"2329 AG.HUEJUTLA","HIDALGO"
"676",23309,"2330 TLAQUEPARQUE","JALISCO"
"677",23529,"2352 CORDOBA","VERACRUZ"
"678",23539,"2353 HUAJUAPAN","OAXACA"
"679",23549,"2354 ISLA","VERACRUZ"
"680",23552,"2355 JALAPA I","VERACRUZ"
"681",23559,"2355 JALAPA I","VERACRUZ"
"682",23589,"2358 MARTINEZ DE LA TORRE","VERACRUZ"
"683",23599,"2359 AG.MIXQUIAHUALA","HIDALGO"
"684",23609,"2360 OAXACA BIMBO","OAXACA"
"685",23619,"2361 ORIZABA","VERACRUZ"
"686",23639,"2363 POZA RICA","VERACRUZ"
"687",23649,"2364 PUEBLA NORTE BIMBO","PUEBLA"
"688",23659,"2365 PUEBLA SUR BIMBO","PUEBLA"
"689",23669,"2366 SAN ANDRES","VERACRUZ"
"690",23679,"2367 SAN MARTIN T.","PUEBLA"
"691",23689,"2368 TAMPICO BIMBO","TAMAULIPAS"
"692",23709,"2370 TEZIUTLAN","PUEBLA"
"693",23719,"2371 TIERRA BLANCA","VERACRUZ"
"694",23729,"2372 AG.TULANCINGO","HIDALGO"
"695",23739,"2373 TUXPAM","VERACRUZ"
"696",23749,"2374 TUXTEPEC","OAXACA"
"697",23759,"2375 VERACRUZ NORTE","VERACRUZ"
"698",23769,"2376 CONVENIENCIA VERACRUZ SUR","VERACRUZ"
"699",23789,"2378 ACAYUCAN","VERACRUZ"
"700",23799,"2379 ARRIAGA_BM","CHIAPAS"
"701",23809,"2380 CAMPECHE","CAMPECHE"
"702",23819,"2381 CANCUN_BM","QUINTANA ROO"
"703",23829,"2382 CARDENAS","TABASCO"
"704",23849,"2384 CIUDAD DEL CARMEN","CAMPECHE"
"705",23869,"2386 COATZACOALCOS MLA.","VERACRUZ"
"706",23879,"2387 COZUMEL","QUINTANA ROO"
"707",23889,"2388 CHETUMAL","QUINTANA ROO"
"708",23899,"2389 EMILIANO ZAPATA","TABASCO"
"709",23909,"2390 INDUSTRIAL","TABASCO"
"710",23919,"2391 IXTEPEC","OAXACA"
"711",23929,"2392 MERIDA NORTE","YUCATÁN"
"712",23939,"2393 MERIDA SUR","YUCATÁN"
"713",23949,"2394 MINATITLAN","VERACRUZ"
"714",23959,"2395 PLAYA DEL CARMEN","QUINTANA ROO"
"715",23969,"2396 RUIZ CORTINEZ","TABASCO"
"716",23979,"2397 SALINA CRUZ","OAXACA"
"717",23989,"2398 SAN CRISTOBAL","CHIAPAS"
"718",23999,"2399 TAPACHULA","CHIAPAS"
"719",24019,"2401 TEKAX","YUCATÁN"
"720",24029,"2402 TUXTLA","CHIAPAS"
"721",24049,"2404 VALLADOLID","YUCATÁN"
"722",24079,"2407 TEPEACA","PUEBLA"
"723",24089,"2408 ESCARCEGA","CAMPECHE"
"724",24119,"2411 COMITAN","CHIAPAS"
"725",24129,"2412 APAN","HIDALGO"
"726",24139,"2413 CIUDAD SERDÁN","PUEBLA"
"727",24159,"2415 JUXTLAHUACA","OAXACA"
"728",24169,"2416 PACHUCA II","HIDALGO"
"729",24179,"2417 ZACATLAN","PUEBLA"
"730",24189,"2418 COMALCALCO","TABASCO"
"731",24519,"2451 ACUÑA","COAHUILA"
"732",24539,"2453 CASAS GRANDES","CHIHUAHUA"
"733",24549,"2454 CUAHUTEMOC","CHIHUAHUA"
"734",24559,"2455 CHIHUAHUA BIMBO","CHIHUAHUA"
"735",24579,"2457 DELICIAS BIMBO","CHIHUAHUA"
"736",24589,"2458 GOMEZ PALACIO BIMBO","DURANGO"
"737",24619,"2461 HIDALGO BIMBO","NUEVO LEÓN"
"738",24629,"2462 JUAREZ BIMBO","CHIHUAHUA"
"739",24659,"2465 LAREDO","TAMAULIPAS"
"740",24669,"2466 LINARES","NUEVO LEÓN"
"741",24679,"2467 LINCOLN","NUEVO LEÓN"
"742",24689,"2468 MATAMOROS BIMBO","TAMAULIPAS"
"743",24699,"2469 MONCLOVA BIMBO","COAHUILA"
"744",24729,"2472 OJINAGA","CHIHUAHUA"
"745",24739,"2473 PARRAL BIMBO","CHIHUAHUA"
"746",24749,"2474 PIEDRAS NEGRAS","COAHUILA"
"747",24759,"2475 REYNOSA BIMBO","TAMAULIPAS"
"748",24769,"2476 SABINAS","COAHUILA"
"749",24779,"2477 SALTILLO BIMBO","COAHUILA"
"750",24789,"2478 SAN NICOLAS","NUEVO LEÓN"
"751",24799,"2479 SANTA CATARINA BIMBO","NUEVO LEÓN"
"752",24809,"2480 VICTORIA BIMBO","TAMAULIPAS"
"753",24819,"2481 WONDER GUERRERO","NUEVO LEÓN"
"754",24859,"2485 CHIHUAHUA MARINELA","CHIHUAHUA"
"755",24879,"2487 AEROPUERTO","NUEVO LEÓN"
"756",24889,"2488 JUAREZ","CHIHUAHUA"
"757",24939,"2493 MITRAS","NUEVO LEÓN"
"758",24969,"2496 LA FE","NUEVO LEÓN"
"759",24999,"2499 REYNOSA MARINELA","TAMAULIPAS"
"760",25029,"2502 SALTILLO MARINELA","COAHUILA"
"761",25049,"2504 TAMPICO MARINELA","TAMAULIPAS"
"762",25059,"2505 TORREON","COAHUILA"
"763",25159,"2515 CAVAZOS","NUEVO LEÓN"
"764",25169,"2516 ESCOBEDO","NUEVO LEÓN"
"765",25179,"2517 SENDERO AUTOSERVICIO","NUEVO LEÓN"
"766",25209,"2520 HERMOSILLO SUR","SONORA"
"767",25519,"2551 AGUA PRIETA","SONORA"
"768",25529,"2552 CABORCA","SONORA"
"769",25539,"2553 CANANEA","SONORA"
"770",25549,"2554 CD. OBREGON","SONORA"
"771",25559,"2555 ENSENADA II","BAJA CALIFORNIA NORTE"
"772",25569,"2556 GUAMUCHIL","SINALOA"
"773",25579,"2557 BW_GUASAVE","SINALOA"
"774",25589,"2558 GUAYMAS","SONORA"
"775",25619,"2561 LOS MOCHIS","SINALOA"
"776",25629,"2562 MEXICALI PLAZA","BAJA CALIFORNIA NORTE"
"777",25639,"2563 MEXICALI PONIENTE","BAJA CALIFORNIA NORTE"
"778",25649,"2564 MOCTEZUMA","SONORA"
"779",25659,"2565 NAVOJOA","SONORA"
"780",25669,"2566 NOGALES_BW","SONORA"
"781",25679,"2567 PUERTO PEÑASCO","SONORA"
"782",25689,"2568 SAN LUIS R.C.","SONORA"
"783",25699,"2569 SAN QUINTÍN","BAJA CALIFORNIA NORTE"
"784",25709,"2570 SANTA ANA","SONORA"
"785",25719,"2571 TECATE","BAJA CALIFORNIA NORTE"
"786",25729,"2572 TIJUANA EL FLORIDO","BAJA CALIFORNIA NORTE"
"787",25739,"2573 TIJUANA GATO BRONCO","BAJA CALIFORNIA NORTE"
"788",25749,"2574 TIJUANA PACIFICO","BAJA CALIFORNIA NORTE"
"789",25759,"2575 TIJUANA ROSARITO","BAJA CALIFORNIA NORTE"
"790",25769,"2576 GUERRERO NEGRO","BAJA CALIFORNIA SUR"
